last_name|
first_name|Accelerate Consulting
initials|
cell|
email|
id_number|
q4131|Financial Service Provider
f4131|111
q4167|I have policies, investments, membership and / or unit trusts with the following companies including subsidiaries
f4167|
q4132|FSP license number
f4132|
q4168|Other
f4168|
q4133|Authorised User(s)
f4133|
q4169|Employee Benefits â€“ Company name
f4169|
q4170|Employee Benefits - Insurer
f4170|
q4171|Contact No.
f4171|
q4290|E-mail
f4290|
q4172|Short term Insurer
f4172|
q4173|Medical Aid
Company & Plan
f4173|
q4174|Other
f4174|
